{
  "hash": "ee49c099",
  "configHash": "470976ba",
  "lockfileHash": "a2d094b7",
  "browserHash": "0e52b479",
  "optimized": {
    "@angular/common": {
      "src": "../../../../../node_modules/@angular/common/fesm2022/common.mjs",
      "file": "@angular_common.js",
      "fileHash": "bc99f0c1",
      "needsInterop": false
    },
    "@angular/common/http": {
      "src": "../../../../../node_modules/@angular/common/fesm2022/http.mjs",
      "file": "@angular_common_http.js",
      "fileHash": "ee8a9600",
      "needsInterop": false
    },
    "@angular/core": {
      "src": "../../../../../node_modules/@angular/core/fesm2022/core.mjs",
      "file": "@angular_core.js",
      "fileHash": "8389c56e",
      "needsInterop": false
    },
    "@angular/forms": {
      "src": "../../../../../node_modules/@angular/forms/fesm2022/forms.mjs",
      "file": "@angular_forms.js",
      "fileHash": "1c5eb625",
      "needsInterop": false
    },
    "@angular/platform-browser": {
      "src": "../../../../../node_modules/@angular/platform-browser/fesm2022/platform-browser.mjs",
      "file": "@angular_platform-browser.js",
      "fileHash": "fc1472c7",
      "needsInterop": false
    },
    "@angular/router": {
      "src": "../../../../../node_modules/@angular/router/fesm2022/router.mjs",
      "file": "@angular_router.js",
      "fileHash": "020b82a5",
      "needsInterop": false
    }
  },
  "chunks": {
    "chunk-EL3VC54D": {
      "file": "chunk-EL3VC54D.js"
    },
    "chunk-5AAJP6Y7": {
      "file": "chunk-5AAJP6Y7.js"
    },
    "chunk-BVPN6P7B": {
      "file": "chunk-BVPN6P7B.js"
    },
    "chunk-S4QKGH5G": {
      "file": "chunk-S4QKGH5G.js"
    }
  }
}